행정동코드,행정동,경로당수,복지시설수,총노인시설수,읍면동명칭,읍면동코드,,
1101053,사직동,0,0,0,사직동,1101053 ,TRUE,TRUE
1101054,삼청동,2,0,2,삼청동,1101054 ,TRUE,TRUE
1101055,부암동,1,0,1,부암동,1101055 ,TRUE,TRUE
1101056,평창동,6,0,6,평창동,1101056,TRUE,TRUE
1101057,무악동,2,0,2,무악동,1101057,TRUE,TRUE
1101058,교남동,2,0,2,교남동,1101058,TRUE,TRUE
1101060,가회동,3,0,3,가회동,1101060,TRUE,TRUE
1101061,종로1.2.3.4가동,14,1,15,종로1.2.3.4가동,1101061,TRUE,TRUE
1101063,종로5.6가동,5,0,5,종로5.6가동,1101063,TRUE,TRUE
1101064,이화동,5,1,6,이화동,1101064,TRUE,TRUE
1101067,창신1동,3,0,3,창신1동,1101067,TRUE,TRUE
1101068,창신2동,3,0,3,창신2동,1101068,TRUE,TRUE
1101069,창신3동,4,0,4,창신3동,1101069,TRUE,TRUE
1101070,숭인1동,2,0,2,숭인1동,1101070,TRUE,TRUE
1101071,숭인2동,2,0,2,숭인2동,1101071,TRUE,TRUE
1101072,청운효자동,2,0,2,청운효자동,1101072,TRUE,TRUE
1101065,혜화동,4,0,4,혜화동,1101073,TRUE,FALSE
1101066,명륜3가동,2,0,2,,,,
1102052,소공동,1,0,1,소공동,1102052,TRUE,TRUE
1102054,회현동,4,0,4,회현동,1102054,TRUE,TRUE
1102055,명동,0,0,0,명동,1102055,TRUE,TRUE
1102057,필동,1,0,1,필동,1102057,TRUE,TRUE
1102058,장충동,2,0,2,장충동,1102058,TRUE,TRUE
1102059,광희동,3,0,3,광희동,1102059,TRUE,TRUE
1102060,을지로동,1,0,1,을지로동,1102060,TRUE,TRUE
1102065,신당5동,6,0,6,신당5동,1102065,TRUE,TRUE
1102067,황학동,2,0,2,황학동,1102067,TRUE,TRUE
1102068,중림동,4,0,4,중림동,1102068,TRUE,TRUE
1102069,신당동,4,0,4,신당동,1102069,TRUE,TRUE
1102062,신당2동,3,0,3,다산동,1102070,FALSE,FALSE
1102063,신당3동,5,1,6,약수동,1102071,FALSE,FALSE
1102064,신당4동,5,1,6,청구동,1102072,FALSE,FALSE
1102066,신당6동,1,0,1,동화동,1102073,FALSE,FALSE
1103051,후암동,3,0,3,후암동,1103051,TRUE,TRUE
1103052,용산2가동,4,0,4,용산2가동,1103052,TRUE,TRUE
1103053,남영동,4,0,4,남영동,1103053,TRUE,TRUE
1103057,원효로2동,3,0,3,원효로2동,1103057,TRUE,TRUE
1103058,효창동,4,0,4,효창동,1103058,TRUE,TRUE
1103059,용문동,6,0,6,용문동,1103059,TRUE,TRUE
1103063,이촌1동,10,0,10,이촌1동,1103063,TRUE,TRUE
1103064,이촌2동,5,0,5,이촌2동,1103064,TRUE,TRUE
1103065,이태원1동,5,0,5,이태원1동,1103065,TRUE,TRUE
1103066,이태원2동,6,0,6,이태원2동,1103066,TRUE,TRUE
1103069,서빙고동,8,0,8,서빙고동,1103069,TRUE,TRUE
1103070,보광동,11,0,11,보광동,1103070,TRUE,TRUE
1103071,청파동,4,1,5,청파동,1103071,TRUE,TRUE
1103072,원효로1동,7,0,7,원효로1동,1103072,TRUE,TRUE
1103073,한강로동,8,0,8,한강로동,1103073,TRUE,TRUE
1103074,한남동,10,1,11,한남동,1103074,TRUE,TRUE
1104052,왕십리2동,16,0,16,왕십리2동,1104052,TRUE,TRUE
1104054,마장동,12,1,13,마장동,1104054,TRUE,TRUE
1104055,사근동,6,1,7,사근동,1104055,TRUE,TRUE
1104056,행당1동,7,0,7,행당1동,1104056,TRUE,TRUE
1104057,행당2동,5,0,5,행당2동,1104057,TRUE,TRUE
1104058,응봉동,9,0,9,응봉동,1104058,TRUE,TRUE
1104059,금호1가동,4,0,4,금호1가동,1104059,TRUE,TRUE
1104062,금호4가동,11,0,11,금호4가동,1104062,TRUE,TRUE
1104065,성수1가1동,11,0,11,성수1가1동,1104065,TRUE,TRUE
1104066,성수1가2동,7,1,8,성수1가2동,1104066,TRUE,TRUE
1104067,성수2가1동,8,0,8,성수2가1동,1104067,TRUE,TRUE
1104068,성수2가3동,9,0,9,성수2가3동,1104068,TRUE,TRUE
1104069,송정동,5,0,5,송정동,1104069,TRUE,TRUE
1104070,용답동,4,0,4,용답동,1104070,TRUE,TRUE
1104071,왕십리도선동,5,1,6,왕십리도선동,1104071,TRUE,TRUE
1104072,금호2.3가동,11,0,11,금호2.3가동,1104072,TRUE,TRUE
1104073,옥수동,13,0,13,옥수동,1104073,TRUE,TRUE
1105053,화양동,2,0,2,화양동,1105053,TRUE,TRUE
1105054,군자동,4,1,5,군자동,1105054,TRUE,TRUE
1105055,중곡1동,2,0,2,중곡1동,1105055,TRUE,TRUE
1105056,중곡2동,3,0,3,중곡2동,1105056,TRUE,TRUE
1105057,중곡3동,1,0,1,중곡3동,1105057,TRUE,TRUE
1105058,중곡4동,5,0,5,중곡4동,1105058,TRUE,TRUE
1105059,능동,1,0,1,능동,1105059,TRUE,TRUE
1105060,구의1동,4,0,4,구의1동,1105060,TRUE,TRUE
1105061,구의2동,3,0,3,구의2동,1105061,TRUE,TRUE
1105062,구의3동,7,0,7,구의3동,1105062,TRUE,TRUE
1105063,광장동,20,0,20,광장동,1105063,TRUE,TRUE
1105064,자양1동,5,0,5,자양1동,1105064,TRUE,TRUE
1105065,자양2동,10,0,10,자양2동,1105065,TRUE,TRUE
1105066,자양3동,13,0,13,자양3동,1105066,TRUE,TRUE
1105067,자양4동,8,0,8,자양4동,1105067,TRUE,TRUE
1106071,회기동,1,0,1,회기동,1106071,TRUE,TRUE
1106072,휘경1동,8,0,8,휘경1동,1106072,TRUE,TRUE
1106073,휘경2동,8,0,8,휘경2동,1106073,TRUE,TRUE
1106080,청량리동,14,1,15,청량리동,1106080,TRUE,TRUE
1106081,용신동,6,0,6,용신동,1106081,TRUE,TRUE
1106082,제기동,5,0,5,제기동,1106082,TRUE,TRUE
1106083,전농1동,2,0,2,전농1동,1106083,TRUE,TRUE
1106084,전농2동,8,0,8,전농2동,1106084,TRUE,TRUE
1106086,답십리2동,16,0,16,답십리2동,1106086,TRUE,TRUE
1106087,장안1동,12,0,12,장안1동,1106087,TRUE,TRUE
1106088,장안2동,11,0,11,장안2동,1106088,TRUE,TRUE
1106089,이문1동,8,0,8,이문1동,1106089,TRUE,TRUE
1106090,이문2동,10,0,10,이문2동,1106090,TRUE,TRUE
1106085,답십리1동,9,0,9,답십리1동,1106091,TRUE,FALSE
1107052,면목2동,5,1,6,면목2동,1107052,TRUE,TRUE
1107054,면목4동,8,0,8,면목4동,1107054,TRUE,TRUE
1107055,면목5동,3,0,3,면목5동,1107055,TRUE,TRUE
1107057,면목7동,12,0,12,면목7동,1107057,TRUE,TRUE
1107059,상봉1동,10,0,10,상봉1동,1107059,TRUE,TRUE
1107060,상봉2동,2,0,2,상봉2동,1107060,TRUE,TRUE
1107061,중화1동,6,1,7,중화1동,1107061,TRUE,TRUE
1107062,중화2동,5,0,5,중화2동,1107062,TRUE,TRUE
1107064,묵1동,13,0,13,묵1동,1107064,TRUE,TRUE
1107065,묵2동,5,0,5,묵2동,1107065,TRUE,TRUE
1107068,망우3동,2,0,2,망우3동,1107068,TRUE,TRUE
1107069,신내1동,18,1,19,신내1동,1107069,TRUE,TRUE
1107070,신내2동,9,1,10,신내2동,1107070,TRUE,TRUE
1107071,면목본동,7,0,7,면목본동,1107071,TRUE,TRUE
1107072,면목3.8동,8,1,9,면목3.8동,1107072,TRUE,TRUE
1107073,망우본동,10,0,10,망우본동,1107073,TRUE,TRUE
1108058,돈암1동,1,0,1,돈암1동,1108058,TRUE,TRUE
1108059,돈암2동,11,0,11,돈암2동,1108059,TRUE,TRUE
1108060,안암동,6,0,6,안암동,1108060,TRUE,TRUE
1108061,보문동,6,1,7,보문동,1108061,TRUE,TRUE
1108062,정릉1동,9,0,9,정릉1동,1108062,TRUE,TRUE
1108063,정릉2동,10,1,11,정릉2동,1108063,TRUE,TRUE
1108064,정릉3동,3,0,3,정릉3동,1108064,TRUE,TRUE
1108065,정릉4동,13,0,13,정릉4동,1108065,TRUE,TRUE
1108066,길음1동,13,0,13,길음1동,1108066,TRUE,TRUE
1108068,길음2동,5,0,5,길음2동,1108068,TRUE,TRUE
1108071,월곡1동,9,0,9,월곡1동,1108071,TRUE,TRUE
1108072,월곡2동,6,1,7,월곡2동,1108072,TRUE,TRUE
1108076,장위1동,5,0,5,장위1동,1108076,TRUE,TRUE
1108077,장위2동,1,0,1,장위2동,1108077,TRUE,TRUE
1108078,장위3동,4,1,5,장위3동,1108078,TRUE,TRUE
1108081,성북동,4,0,4,성북동,1108081,TRUE,TRUE
1108082,삼선동,7,1,8,삼선동,1108082,TRUE,TRUE
1108083,동선동,4,0,4,동선동,1108083,TRUE,TRUE
1108084,종암동,15,1,16,종암동,1108084,TRUE,TRUE
1108085,석관동,8,1,9,석관동,1108085,TRUE,TRUE
1109060,번1동,6,0,6,번1동,1109060,TRUE,TRUE
1109061,번2동,10,0,10,번2동,1109061,TRUE,TRUE
1109062,번3동,13,0,13,번3동,1109062,TRUE,TRUE
1109063,수유1동,5,0,5,수유1동,1109063,TRUE,TRUE
1109064,수유2동,5,0,5,수유2동,1109064,TRUE,TRUE
1109065,수유3동,4,0,4,수유3동,1109065,TRUE,TRUE
1109069,삼양동,14,0,14,삼양동,1109069,TRUE,TRUE
1109070,미아동,7,0,7,미아동,1109070,TRUE,TRUE
1109071,송중동,6,0,6,송중동,1109071,TRUE,TRUE
1109072,송천동,10,0,10,송천동,1109072,TRUE,TRUE
1109073,삼각산동,5,0,5,삼각산동,1109073,TRUE,TRUE
1109074,우이동,4,0,4,우이동,1109074,TRUE,TRUE
1109075,인수동,7,1,8,인수동,1109075,TRUE,TRUE
1110051,쌍문1동,13,1,14,쌍문1동,1110051,TRUE,TRUE
1110052,쌍문2동,7,1,8,쌍문2동,1110052,TRUE,TRUE
1110053,쌍문3동,7,0,7,쌍문3동,1110053,TRUE,TRUE
1110054,쌍문4동,11,0,11,쌍문4동,1110054,TRUE,TRUE
1110055,방학1동,11,0,11,방학1동,1110055,TRUE,TRUE
1110056,방학2동,4,1,5,방학2동,1110056,TRUE,TRUE
1110057,방학3동,16,0,16,방학3동,1110057,TRUE,TRUE
1110059,창1동,6,0,6,창1동,1110059,TRUE,TRUE
1110060,창2동,7,0,7,창2동,1110060,TRUE,TRUE
1110061,창3동,5,1,6,창3동,1110061,TRUE,TRUE
1110062,창4동,8,0,8,창4동,1110062,TRUE,TRUE
1110063,창5동,12,0,12,창5동,1110063,TRUE,TRUE
1110064,도봉1동,10,1,11,도봉1동,1110064,TRUE,TRUE
1110065,도봉2동,14,0,14,도봉2동,1110065,TRUE,TRUE
1111051,월계1동,17,1,18,월계1동,1111051,TRUE,TRUE
1111052,월계2동,7,0,7,월계2동,1111052,TRUE,TRUE
1111053,월계3동,11,0,11,월계3동,1111053,TRUE,TRUE
1111056,공릉2동,21,1,22,공릉2동,1111056,TRUE,TRUE
1111058,하계1동,11,1,12,하계1동,1111058,TRUE,TRUE
1111059,하계2동,4,0,4,하계2동,1111059,TRUE,TRUE
1111060,중계본동,14,0,14,중계본동,1111060,TRUE,TRUE
1111061,중계1동,13,0,13,중계1동,1111061,TRUE,TRUE
1111064,중계4동,10,0,10,중계4동,1111064,TRUE,TRUE
1111065,상계1동,21,0,21,상계1동,1111065,TRUE,TRUE
1111066,상계2동,11,1,12,상계2동,1111066,TRUE,TRUE
1111069,상계5동,6,0,6,상계5동,1111069,TRUE,TRUE
1111072,상계8동,4,0,4,상계8동,1111072,TRUE,TRUE
1111073,상계9동,4,0,4,상계9동,1111073,TRUE,TRUE
1111074,상계10동,6,0,6,상계10동,1111074,TRUE,TRUE
1111076,상계3.4동,13,0,13,상계3.4동,1111076,TRUE,TRUE
1111077,상계6.7동,9,0,9,상계6.7동,1111077,TRUE,TRUE
1111078,중계2.3동,10,0,10,중계2.3동,1111078,TRUE,TRUE
1111075,공릉1.3동,19,0,19,공릉1동,1111079,FALSE,FALSE
1112051,녹번동,10,0,10,녹번동,1112051,TRUE,TRUE
1112052,불광1동,12,1,13,불광1동,1112052,TRUE,TRUE
1112055,갈현1동,4,1,5,갈현1동,1112055,TRUE,TRUE
1112056,갈현2동,7,0,7,갈현2동,1112056,TRUE,TRUE
1112057,구산동,5,0,5,구산동,1112057,TRUE,TRUE
1112058,대조동,4,1,5,대조동,1112058,TRUE,TRUE
1112059,응암1동,4,0,4,응암1동,1112059,TRUE,TRUE
1112060,응암2동,4,0,4,응암2동,1112060,TRUE,TRUE
1112065,신사1동,9,0,9,신사1동,1112065,TRUE,TRUE
1112066,신사2동,8,1,9,신사2동,1112066,TRUE,TRUE
1112067,증산동,6,0,6,증산동,1112067,TRUE,TRUE
1112068,수색동,8,0,8,수색동,1112068,TRUE,TRUE
1112071,진관동,31,1,32,진관동,1112071,TRUE,TRUE
1112072,불광2동,6,0,6,불광2동,1112072,TRUE,TRUE
1112073,응암3동,3,1,4,응암3동,1112073,TRUE,TRUE
1112074,역촌동,2,1,3,역촌동,1112074,TRUE,TRUE
1113052,천연동,12,1,13,천연동,1113052,TRUE,TRUE
1113062,홍제1동,5,0,5,홍제1동,1113062,TRUE,TRUE
1113064,홍제3동,2,0,2,홍제3동,1113064,TRUE,TRUE
1113065,홍제2동,20,1,21,홍제2동,1113065,TRUE,TRUE
1113066,홍은1동,5,0,5,홍은1동,1113066,TRUE,TRUE
1113068,홍은2동,13,0,13,홍은2동,1113068,TRUE,TRUE
1113069,남가좌1동,1,0,1,남가좌1동,1113069,TRUE,TRUE
1113070,남가좌2동,12,0,12,남가좌2동,1113070,TRUE,TRUE
1113071,북가좌1동,4,0,4,북가좌1동,1113071,TRUE,TRUE
1113072,북가좌2동,14,1,15,북가좌2동,1113072,TRUE,TRUE
1113073,충현동,6,0,6,충현동,1113073,TRUE,TRUE
1113074,북아현동,5,0,5,북아현동,1113074,TRUE,TRUE
1113075,신촌동,4,0,4,신촌동,1113075,TRUE,TRUE
1113076,연희동,10,1,11,연희동,1113076,TRUE,TRUE
1114059,용강동,7,1,8,용강동,1114059,TRUE,TRUE
1114060,대흥동,7,1,8,대흥동,1114060,TRUE,TRUE
1114061,염리동,8,0,8,염리동,1114061,TRUE,TRUE
1114063,신수동,11,0,11,신수동,1114063,TRUE,TRUE
1114066,서교동,5,0,5,서교동,1114066,TRUE,TRUE
1114068,합정동,3,0,3,합정동,1114068,TRUE,TRUE
1114069,망원1동,5,0,5,망원1동,1114069,TRUE,TRUE
1114070,망원2동,4,0,4,망원2동,1114070,TRUE,TRUE
1114071,연남동,5,0,5,연남동,1114071,TRUE,TRUE
1114072,성산1동,5,0,5,성산1동,1114072,TRUE,TRUE
1114073,성산2동,18,0,18,성산2동,1114073,TRUE,TRUE
1114074,상암동,6,0,6,상암동,1114074,TRUE,TRUE
1114075,도화동,11,0,11,도화동,1114075,TRUE,TRUE
1114076,서강동,8,1,9,서강동,1114076,TRUE,TRUE
1114077,공덕동,14,1,15,공덕동,1114077,TRUE,TRUE
1114078,아현동,13,0,13,아현동,1114078,TRUE,TRUE
1115051,목1동,17,0,17,목1동,1115051,TRUE,TRUE
1115052,목2동,10,0,10,목2동,1115052,TRUE,TRUE
1115053,목3동,5,0,5,목3동,1115053,TRUE,TRUE
1115054,목4동,6,1,7,목4동,1115054,TRUE,TRUE
1115057,신월1동,11,0,11,신월1동,1115057,TRUE,TRUE
1115058,신월2동,8,1,9,신월2동,1115058,TRUE,TRUE
1115059,신월3동,3,1,4,신월3동,1115059,TRUE,TRUE
1115060,신월4동,10,0,10,신월4동,1115060,TRUE,TRUE
1115061,신월5동,2,0,2,신월5동,1115061,TRUE,TRUE
1115062,신월6동,5,0,5,신월6동,1115062,TRUE,TRUE
1115063,신월7동,7,0,7,신월7동,1115063,TRUE,TRUE
1115064,신정1동,18,0,18,신정1동,1115064,TRUE,TRUE
1115065,신정2동,12,0,12,신정2동,1115065,TRUE,TRUE
1115066,신정3동,19,0,19,신정3동,1115066,TRUE,TRUE
1115069,신정6동,3,0,3,신정6동,1115069,TRUE,TRUE
1115070,신정7동,9,1,10,신정7동,1115070,TRUE,TRUE
1115071,목5동,5,0,5,목5동,1115071,TRUE,TRUE
1115072,신정4동,4,0,4,신정4동,1115072,TRUE,TRUE
1116051,염창동,34,0,34,염창동,1116051,TRUE,TRUE
1116052,등촌1동,12,0,12,등촌1동,1116052,TRUE,TRUE
1116053,등촌2동,7,0,7,등촌2동,1116053,TRUE,TRUE
1116054,등촌3동,20,1,21,등촌3동,1116054,TRUE,TRUE
1116055,화곡본동,6,1,7,화곡본동,1116055,TRUE,TRUE
1116057,화곡2동,2,0,2,화곡2동,1116057,TRUE,TRUE
1116058,화곡3동,5,0,5,화곡3동,1116058,TRUE,TRUE
1116059,화곡4동,4,0,4,화곡4동,1116059,TRUE,TRUE
1116061,화곡6동,5,1,6,화곡6동,1116061,TRUE,TRUE
1116063,화곡8동,9,1,10,화곡8동,1116063,TRUE,TRUE
1116064,가양1동,24,0,24,가양1동,1116064,TRUE,TRUE
1116065,가양2동,7,0,7,가양2동,1116065,TRUE,TRUE
1116066,가양3동,8,0,8,가양3동,1116066,TRUE,TRUE
1116067,발산1동,9,0,9,발산1동,1116067,TRUE,TRUE
1116069,공항동,7,0,7,공항동,1116069,TRUE,TRUE
1116070,방화1동,22,0,22,방화1동,1116070,TRUE,TRUE
1116071,방화2동,9,0,9,방화2동,1116071,TRUE,TRUE
1116072,방화3동,16,0,16,방화3동,1116072,TRUE,TRUE
1116073,화곡1동,6,1,7,화곡1동,1116073,TRUE,TRUE
1116074,우장산동,7,0,7,우장산동,1116074,TRUE,TRUE
1117051,신도림동,20,0,20,신도림동,1117051,TRUE,TRUE
1117052,구로1동,13,0,13,구로1동,1117052,TRUE,TRUE
1117054,구로3동,10,0,10,구로3동,1117054,TRUE,TRUE
1117055,구로4동,9,0,9,구로4동,1117055,TRUE,TRUE
1117056,구로5동,13,1,14,구로5동,1117056,TRUE,TRUE
1117061,고척1동,16,0,16,고척1동,1117061,TRUE,TRUE
1117062,고척2동,8,0,8,고척2동,1117062,TRUE,TRUE
1117064,개봉2동,13,0,13,개봉2동,1117064,TRUE,TRUE
1117065,개봉3동,5,0,5,개봉3동,1117065,TRUE,TRUE
1117067,오류1동,9,0,9,오류1동,1117067,TRUE,TRUE
1117069,수궁동,8,1,9,수궁동,1117069,TRUE,TRUE
1117070,가리봉동,4,0,4,가리봉동,1117070,TRUE,TRUE
1117071,구로2동,10,0,10,구로2동,1117071,TRUE,TRUE
1117072,개봉1동,11,0,11,개봉1동,1117072,TRUE,TRUE
1117068,오류2동,15,0,15,오류2동,1117073,TRUE,FALSE
1117074,항동,6,0,6,항동,1117074,TRUE,TRUE
1118051,가산동,9,0,9,가산동,1118051,TRUE,TRUE
1118052,독산1동,19,4,23,독산1동,1118052,TRUE,TRUE
1118053,독산2동,2,1,3,독산2동,1118053,TRUE,TRUE
1118054,독산3동,6,0,6,독산3동,1118054,TRUE,TRUE
1118055,독산4동,8,2,10,독산4동,1118055,TRUE,TRUE
1118057,시흥1동,5,2,7,시흥1동,1118057,TRUE,TRUE
1118058,시흥2동,11,1,12,시흥2동,1118058,TRUE,TRUE
1118059,시흥3동,5,0,5,시흥3동,1118059,TRUE,TRUE
1118060,시흥4동,6,1,7,시흥4동,1118060,TRUE,TRUE
1118061,시흥5동,8,1,9,시흥5동,1118061,TRUE,TRUE
1119054,여의동,5,2,7,여의동,1119054,TRUE,TRUE
1119055,당산1동,14,0,14,당산1동,1119055,TRUE,TRUE
1119056,당산2동,15,0,15,당산2동,1119056,TRUE,TRUE
1119061,양평1동,17,0,17,양평1동,1119061,TRUE,TRUE
1119062,양평2동,13,0,13,양평2동,1119062,TRUE,TRUE
1119063,신길1동,4,0,4,신길1동,1119063,TRUE,TRUE
1119065,신길3동,4,0,4,신길3동,1119065,TRUE,TRUE
1119066,신길4동,14,0,14,신길4동,1119066,TRUE,TRUE
1119067,신길5동,4,0,4,신길5동,1119067,TRUE,TRUE
1119068,신길6동,9,0,9,신길6동,1119068,TRUE,TRUE
1119069,신길7동,3,0,3,신길7동,1119069,TRUE,TRUE
1119070,대림1동,6,0,6,대림1동,1119070,TRUE,TRUE
1119071,대림2동,5,0,5,대림2동,1119071,TRUE,TRUE
1119072,대림3동,9,0,9,대림3동,1119072,TRUE,TRUE
1119073,영등포본동,8,1,9,영등포본동,1119073,TRUE,TRUE
1119074,영등포동,13,0,13,영등포동,1119074,TRUE,TRUE
1119075,도림동,8,0,8,도림동,1119075,TRUE,TRUE
1119076,문래동,25,1,26,문래동,1119076,TRUE,TRUE
1120052,노량진2동,2,0,2,노량진2동,1120052,TRUE,TRUE
1120053,상도1동,10,1,11,상도1동,1120053,TRUE,TRUE
1120054,상도2동,6,0,6,상도2동,1120054,TRUE,TRUE
1120055,상도3동,3,0,3,상도3동,1120055,TRUE,TRUE
1120056,상도4동,16,0,16,상도4동,1120056,TRUE,TRUE
1120063,사당1동,3,1,4,사당1동,1120063,TRUE,TRUE
1120065,사당3동,9,0,9,사당3동,1120065,TRUE,TRUE
1120066,사당4동,6,0,6,사당4동,1120066,TRUE,TRUE
1120067,사당5동,6,0,6,사당5동,1120067,TRUE,TRUE
1120068,대방동,12,1,13,대방동,1120068,TRUE,TRUE
1120069,신대방1동,8,0,8,신대방1동,1120069,TRUE,TRUE
1120070,신대방2동,5,0,5,신대방2동,1120070,TRUE,TRUE
1120071,흑석동,10,0,10,흑석동,1120071,TRUE,TRUE
1120072,노량진1동,20,0,20,노량진1동,1120072,TRUE,TRUE
1120073,사당2동,6,0,6,사당2동,1120073,TRUE,TRUE
1121052,보라매동,3,1,4,보라매동,1121052,TRUE,TRUE
1121054,청림동,5,0,5,청림동,1121054,TRUE,TRUE
1121057,행운동,5,0,5,행운동,1121057,TRUE,TRUE
1121058,낙성대동,3,0,3,낙성대동,1121058,TRUE,TRUE
1121061,중앙동,3,0,3,중앙동,1121061,TRUE,TRUE
1121062,인헌동,4,0,4,인헌동,1121062,TRUE,TRUE
1121063,남현동,3,0,3,남현동,1121063,TRUE,TRUE
1121064,서원동,4,0,4,서원동,1121064,TRUE,TRUE
1121065,신원동,2,0,2,신원동,1121065,TRUE,TRUE
1121066,서림동,1,0,1,서림동,1121066,TRUE,TRUE
1121068,신사동,3,0,3,신사동,1121068,TRUE,TRUE
1121069,신림동,2,0,2,신림동,1121069,TRUE,TRUE
1121071,난향동,8,0,8,난향동,1121071,TRUE,TRUE
1121072,조원동,5,0,5,조원동,1121072,TRUE,TRUE
1121073,대학동,2,0,2,대학동,1121073,TRUE,TRUE
1121078,은천동,11,0,11,은천동,1121078,TRUE,TRUE
1121079,성현동,8,0,8,성현동,1121079,TRUE,TRUE
1121080,청룡동,5,0,5,청룡동,1121080,TRUE,TRUE
1121081,난곡동,5,0,5,난곡동,1121081,TRUE,TRUE
1121082,삼성동,8,0,8,삼성동,1121082,TRUE,TRUE
1121083,미성동,9,0,9,미성동,1121083,TRUE,TRUE
1122051,서초1동,8,1,9,서초1동,1122051,TRUE,TRUE
1122052,서초2동,6,0,6,서초2동,1122052,TRUE,TRUE
1122053,서초3동,8,0,8,서초3동,1122053,TRUE,TRUE
1122054,서초4동,7,0,7,서초4동,1122054,TRUE,TRUE
1122055,잠원동,24,0,24,잠원동,1122055,TRUE,TRUE
1122056,반포본동,1,0,1,반포본동,1122056,TRUE,TRUE
1122057,반포1동,7,0,7,반포1동,1122057,TRUE,TRUE
1122058,반포2동,2,0,2,반포2동,1122058,TRUE,TRUE
1122059,반포3동,8,0,8,반포3동,1122059,TRUE,TRUE
1122060,반포4동,6,0,6,반포4동,1122060,TRUE,TRUE
1122061,방배본동,4,0,4,방배본동,1122061,TRUE,TRUE
1122062,방배1동,5,0,5,방배1동,1122062,TRUE,TRUE
1122063,방배2동,5,1,6,방배2동,1122063,TRUE,TRUE
1122064,방배3동,11,0,11,방배3동,1122064,TRUE,TRUE
1122065,방배4동,4,0,4,방배4동,1122065,TRUE,TRUE
1122066,양재1동,17,1,18,양재1동,1122066,TRUE,TRUE
1122067,양재2동,4,0,4,양재2동,1122067,TRUE,TRUE
1122068,내곡동,14,1,15,내곡동,1122068,TRUE,TRUE
1123051,신사동,3,0,3,신사동,1123051,TRUE,TRUE
1123052,논현1동,5,1,6,논현1동,1123052,TRUE,TRUE
1123053,논현2동,5,0,5,논현2동,1123053,TRUE,TRUE
1123058,삼성1동,12,1,13,삼성1동,1123058,TRUE,TRUE
1123059,삼성2동,10,0,10,삼성2동,1123059,TRUE,TRUE
1123060,대치1동,13,0,13,대치1동,1123060,TRUE,TRUE
1123063,대치4동,6,1,7,대치4동,1123063,TRUE,TRUE
1123064,역삼1동,19,1,20,역삼1동,1123064,TRUE,TRUE
1123065,역삼2동,5,1,6,역삼2동,1123065,TRUE,TRUE
1123066,도곡1동,11,0,11,도곡1동,1123066,TRUE,TRUE
1123067,도곡2동,4,1,5,도곡2동,1123067,TRUE,TRUE
1123068,개포1동,10,0,10,개포1동,1123068,TRUE,TRUE
1123071,개포4동,3,0,3,개포4동,1123071,TRUE,TRUE
1123072,일원본동,13,0,13,일원본동,1123072,TRUE,TRUE
1123073,일원1동,2,0,2,일원1동,1123073,TRUE,TRUE
1123074,일원2동,3,0,3,일원2동,1123074,TRUE,TRUE
1123075,수서동,9,0,9,수서동,1123075,TRUE,TRUE
1123076,세곡동,20,0,20,세곡동,1123076,TRUE,TRUE
1123077,압구정동,9,1,10,압구정동,1123077,TRUE,TRUE
1123078,청담동,12,0,12,청담동,1123078,TRUE,TRUE
1123079,대치2동,9,0,9,대치2동,1123079,TRUE,TRUE
1123080,개포2동,7,0,7,개포2동,1123080,TRUE,TRUE
1124051,풍납1동,6,0,6,풍납1동,1124051,TRUE,TRUE
1124052,풍납2동,12,0,12,풍납2동,1124052,TRUE,TRUE
1124053,거여1동,6,0,6,거여1동,1124053,TRUE,TRUE
1124054,거여2동,11,0,11,거여2동,1124054,TRUE,TRUE
1124055,마천1동,5,0,5,마천1동,1124055,TRUE,TRUE
1124056,마천2동,5,0,5,마천2동,1124056,TRUE,TRUE
1124057,방이1동,3,0,3,방이1동,1124057,TRUE,TRUE
1124058,방이2동,2,0,2,방이2동,1124058,TRUE,TRUE
1124059,오륜동,2,0,2,오륜동,1124059,TRUE,TRUE
1124060,오금동,16,0,16,오금동,1124060,TRUE,TRUE
1124061,송파1동,5,1,6,송파1동,1124061,TRUE,TRUE
1124062,송파2동,5,0,5,송파2동,1124062,TRUE,TRUE
1124063,석촌동,3,0,3,석촌동,1124063,TRUE,TRUE
1124064,삼전동,2,1,3,삼전동,1124064,TRUE,TRUE
1124065,가락본동,8,0,8,가락본동,1124065,TRUE,TRUE
1124066,가락1동,5,0,5,가락1동,1124066,TRUE,TRUE
1124067,가락2동,11,0,11,가락2동,1124067,TRUE,TRUE
1124068,문정1동,6,0,6,문정1동,1124068,TRUE,TRUE
1124069,문정2동,3,0,3,문정2동,1124069,TRUE,TRUE
1124071,잠실본동,5,0,5,잠실본동,1124071,TRUE,TRUE
1124075,잠실4동,5,0,5,잠실4동,1124075,TRUE,TRUE
1124077,잠실6동,3,0,3,잠실6동,1124077,TRUE,TRUE
1124078,잠실7동,2,0,2,잠실7동,1124078,TRUE,TRUE
1124079,잠실2동,3,0,3,잠실2동,1124079,TRUE,TRUE
1124080,잠실3동,6,0,6,잠실3동,1124080,TRUE,TRUE
1124070,장지동,15,1,16,장지동,1124081,TRUE,FALSE
,,,,,위례동,1124082,FALSE,FALSE
1125051,강일동,12,0,12,강일동,1125051,TRUE,TRUE
1125052,상일동,8,0,8,상일동,1125052,TRUE,TRUE
1125053,명일1동,4,0,4,명일1동,1125053,TRUE,TRUE
1125054,명일2동,9,1,10,명일2동,1125054,TRUE,TRUE
1125055,고덕1동,9,1,10,고덕1동,1125055,TRUE,TRUE
1125056,고덕2동,3,0,3,고덕2동,1125056,TRUE,TRUE
1125058,암사2동,2,0,2,암사2동,1125058,TRUE,TRUE
1125059,암사3동,11,0,11,암사3동,1125059,TRUE,TRUE
1125061,천호1동,5,0,5,천호1동,1125061,TRUE,TRUE
1125063,천호3동,4,0,4,천호3동,1125063,TRUE,TRUE
1125065,성내1동,12,0,12,성내1동,1125065,TRUE,TRUE
1125066,성내2동,3,0,3,성내2동,1125066,TRUE,TRUE
1125067,성내3동,1,0,1,성내3동,1125067,TRUE,TRUE
1125070,둔촌1동,8,0,8,둔촌1동,1125070,TRUE,TRUE
1125071,둔촌2동,6,0,6,둔촌2동,1125071,TRUE,TRUE
1125072,암사1동,9,0,9,암사1동,1125072,TRUE,TRUE
1125073,천호2동,14,1,15,천호2동,1125073,TRUE,TRUE
1125074,길동,9,0,9,길동,1125074,TRUE,TRUE
